﻿<?xml version="1.0" encoding="utf-8" ?>
<c2eventsheet>
    <!--All the 'name' attributes are ignored by Construct 2 - they are there for readability only.-->
    <name>Are You Sure ES</name>
    <events>
        <include>Menu ES</include>
        <event-block sid="942104346982354">
            <conditions>
                <condition id="6" name="On object clicked" sid="670465418590533" type="Mouse">
                    <param id="0" name="Mouse button">0</param>
                    <param id="1" name="Click type">0</param>
                    <param id="2" name="Object clicked">bt6</param>
                </condition>
            </conditions>
            <actions>
                <action id="-21" name="Reset global variables" sid="798049308165532" type="System" />
            </actions>
        </event-block>
        <event-block sid="789268540128615">
            <conditions>
                <condition id="-2" name="On start of layout" sid="298472058050235" type="System" />
            </conditions>
            <actions>
                <action id="6" name="Stop" sid="369896684525052" type="Audio">
                    <param id="0" name="Tag">&quot;GamePrincipal&quot;</param>
                </action>
                <action id="6" name="Stop" sid="955868204090776" type="Audio">
                    <param id="0" name="Tag">&quot;GamePrincipal&quot;</param>
                </action>
                <action id="6" name="Stop" sid="390819726444449" type="Audio">
                    <param id="0" name="Tag">&quot;Menu&quot;</param>
                </action>
                <action id="0" name="Play" sid="385490325842410" type="Audio">
                    <param id="0" name="Audio file">The Best Fantasy RPG Music (mp3cut.net)</param>
                    <param id="2" name="Loop">1</param>
                    <param id="3" name="Volume">0</param>
                    <param id="1" name="Tag (optional)">&quot;Menu&quot;</param>
                </action>
            </actions>
        </event-block>
    </events>
</c2eventsheet>
