﻿<?xml version="1.0" encoding="utf-8" ?>
<c2eventsheet>
    <!--All the 'name' attributes are ignored by Construct 2 - they are there for readability only.-->
    <name>Creditos ES</name>
    <events>
        <include>Menu ES</include>
        <event-block sid="700068633864263">
            <conditions>
                <condition id="6" name="On object clicked" sid="737681535012842" type="Mouse">
                    <param id="0" name="Mouse button">0</param>
                    <param id="1" name="Click type">0</param>
                    <param id="2" name="Object clicked">Sprite2</param>
                </condition>
            </conditions>
            <actions>
                <action id="8" name="Open URL in new window" sid="719945024819754" type="Browser">
                    <param id="0" name="URL">&quot;https://www.linkedin.com/in/cristianejade/&quot;</param>
                    <param id="1" name="Tag">&quot;NewWindow&quot;</param>
                </action>
            </actions>
        </event-block>
    </events>
</c2eventsheet>
