﻿<?xml version="1.0" encoding="utf-8" ?>
<c2eventsheet>
    <!--All the 'name' attributes are ignored by Construct 2 - they are there for readability only.-->
    <name>Game1 ES</name>
    <events>
        <variable constant="0" name="Monster2Total" sid="979942256501657" static="0" type="number">0</variable>
        <variable constant="0" name="LifePlayer" sid="155439182605772" static="0" type="number">6</variable>
        <variable constant="0" name="LifeMonster1" sid="169282685433148" static="0" type="number">4</variable>
        <variable constant="0" name="LifeMonster2" sid="694457481126310" static="0" type="number">8</variable>
        <variable constant="0" name="LifeMonster3" sid="705293591125577" static="0" type="number">16</variable>
        <event-group description="A BR Game" sid="815097828385767" title="Player">
            <sub-events>
                <event-group description="" sid="954515132707361" title="Variable and Collisions">
                    <sub-events>
                        <event-block sid="348874088498902">
                            <conditions>
                                <condition id="-14" name="Compare variable" sid="940762420994274" type="System">
                                    <param id="0" name="Variable">LifePlayer</param>
                                    <param id="1" name="Comparison">3</param>
                                    <param id="2" name="Value">0</param>
                                </condition>
                            </conditions>
                            <actions>
                                <action id="-9" name="Destroy" sid="762366184833986" type="Player" />
                                <action id="-2" name="Go to layout" sid="965564176425117" type="System">
                                    <param id="0" name="Layout">Lose</param>
                                </action>
                            </actions>
                        </event-block>
                        <event-block sid="300097491967976">
                            <conditions>
                                <condition id="-2" name="On start of layout" sid="385011180892244" type="System" />
                            </conditions>
                            <actions>
                                <action id="-15" name="Set visible" sid="741665527103013" type="npc2">
                                    <param id="0" name="Visibility">0</param>
                                </action>
                                <action id="11" name="Set collisions enabled" sid="380576776214327" type="npc2">
                                    <param id="0" name="Collisions">0</param>
                                </action>
                                <action id="-15" name="Set visible" sid="362420485338742" type="atention">
                                    <param id="0" name="Visibility">1</param>
                                </action>
                            </actions>
                        </event-block>
                        <event-block sid="819857615865797">
                            <conditions>
                                <condition id="1" name="Is overlapping another object" sid="794022188979390" type="Player">
                                    <param id="0" name="Object">Gotomenu</param>
                                </condition>
                            </conditions>
                            <actions>
                                <action id="-2" name="Go to layout" sid="904223630996095" type="System">
                                    <param id="0" name="Layout">Are You Sure</param>
                                </action>
                            </actions>
                        </event-block>
                        <event-block sid="911490415097988">
                            <conditions>
                                <condition id="3" name="On button released" sid="156944749618160" type="Mouse">
                                    <param id="0" name="Mouse button">0</param>
                                </condition>
                            </conditions>
                            <actions>
                                <action id="0" name="Spawn another object" sid="346198150890142" type="Player">
                                    <param id="0" name="Object">PlayerBullet_Par</param>
                                    <param id="1" name="Layer">10</param>
                                    <param id="2" name="Image point">1</param>
                                </action>
                                <action id="-22" name="Set angle toward position" sid="468804879050188" type="PlayerBullet_Par">
                                    <param id="0" name="X">Mouse.x</param>
                                    <param id="1" name="Y">Mouse.Y</param>
                                </action>
                                <action id="0" name="Spawn another object" sid="761074634357747" type="Player">
                                    <param id="0" name="Object">bulletPlayer</param>
                                    <param id="1" name="Layer">10</param>
                                    <param id="2" name="Image point">1</param>
                                </action>
                                <action id="-22" name="Set angle toward position" sid="355311698347230" type="bulletPlayer">
                                    <param id="0" name="X">Mouse.x</param>
                                    <param id="1" name="Y">Mouse.Y</param>
                                </action>
                            </actions>
                        </event-block>
                        <event-block sid="249880785620591">
                            <conditions>
                                <condition id="-1" name="Every tick" sid="962172409535463" type="System" />
                            </conditions>
                            <actions>
                                <action id="0" name="Set text" sid="131942054951948" type="Text">
                                    <param id="0" name="Text">&quot;Life = &quot;&amp;LifePlayer</param>
                                </action>
                            </actions>
                        </event-block>
                        <event-block sid="166664853098268">
                            <conditions>
                                <condition id="0" name="On collision with another object" sid="629175932003113" type="Player">
                                    <param id="0" name="Object">npc4</param>
                                </condition>
                                <condition id="-14" name="Compare variable" sid="155311327131185" type="System">
                                    <param id="0" name="Variable">LifePlayer</param>
                                    <param id="1" name="Comparison">4</param>
                                    <param id="2" name="Value">1</param>
                                </condition>
                            </conditions>
                            <actions>
                                <action id="0" name="Set text" sid="900928809167122" type="npc4Text">
                                    <param id="0" name="Text">&quot;My Lady! Talk to someone to complete the missions!&quot;</param>
                                </action>
                                <action id="-15" name="Set visible" sid="599916753290357" type="npc4Text">
                                    <param id="0" name="Visibility">1</param>
                                </action>
                                <action id="-16" name="Wait" sid="541206572025955" type="System">
                                    <param id="0" name="Seconds">2.5</param>
                                </action>
                                <action id="0" name="Set text" sid="499359685208198" type="npc4Text">
                                    <param id="0" name="Text">&quot;Go Away!&quot;</param>
                                </action>
                                <action id="-16" name="Wait" sid="308286126029713" type="System">
                                    <param id="0" name="Seconds">1.5</param>
                                </action>
                                <action id="-9" name="Destroy" sid="838361448213290" type="npc4Text" />
                            </actions>
                        </event-block>
                        <event-block sid="455300412134852">
                            <conditions>
                                <condition id="-14" name="Compare variable" sid="175499541127314" type="System">
                                    <param id="0" name="Variable">LifePlayer</param>
                                    <param id="1" name="Comparison">3</param>
                                    <param id="2" name="Value">0</param>
                                </condition>
                            </conditions>
                            <actions>
                                <action id="-9" name="Destroy" sid="167766968861926" type="Player" />
                                <action id="-2" name="Go to layout" sid="342596344603107" type="System">
                                    <param id="0" name="Layout">Lose</param>
                                </action>
                            </actions>
                        </event-block>
                        <event-block sid="267458793682875">
                            <conditions>
                                <condition id="-2" name="On start of layout" sid="249321746029437" type="System" />
                            </conditions>
                            <actions>
                                <action id="-15" name="Set visible" sid="847911180319398" type="npc2">
                                    <param id="0" name="Visibility">0</param>
                                </action>
                            </actions>
                        </event-block>
                        <event-block sid="466866875341703">
                            <conditions>
                                <condition id="1" name="Is overlapping another object" sid="714453601351869" type="Player">
                                    <param id="0" name="Object">Gotomenu</param>
                                </condition>
                            </conditions>
                            <actions>
                                <action id="-2" name="Go to layout" sid="695964872854896" type="System">
                                    <param id="0" name="Layout">Are You Sure</param>
                                </action>
                            </actions>
                        </event-block>
                        <event-block disabled="1" sid="727778992531979">
                            <conditions>
                                <condition id="3" name="On button released" sid="860584555355575" type="Mouse">
                                    <param id="0" name="Mouse button">0</param>
                                </condition>
                            </conditions>
                            <actions>
                                <action id="0" name="Spawn another object" sid="459248828683114" type="Player">
                                    <param id="0" name="Object">bulletPlayer</param>
                                    <param id="1" name="Layer">0</param>
                                    <param id="2" name="Image point">0</param>
                                </action>
                                <action id="-22" name="Set angle toward position" sid="959763005490414" type="bulletPlayer">
                                    <param id="0" name="X">Mouse.x</param>
                                    <param id="1" name="Y">Mouse.Y</param>
                                </action>
                            </actions>
                        </event-block>
                        <event-block sid="570729146573055">
                            <conditions>
                                <condition id="-1" name="Every tick" sid="202606333888137" type="System" />
                            </conditions>
                            <actions>
                                <action id="0" name="Set text" sid="118798564118884" type="Text">
                                    <param id="0" name="Text">&quot;Life = &quot;&amp;LifePlayer</param>
                                </action>
                            </actions>
                        </event-block>
                        <event-block sid="988460653384245">
                            <conditions>
                                <condition id="0" name="On collision with another object" sid="463648628414313" type="Player">
                                    <param id="0" name="Object">npc4</param>
                                </condition>
                                <condition id="-14" name="Compare variable" sid="667675700199123" type="System">
                                    <param id="0" name="Variable">LifePlayer</param>
                                    <param id="1" name="Comparison">4</param>
                                    <param id="2" name="Value">1</param>
                                </condition>
                            </conditions>
                            <actions>
                                <action id="0" name="Set text" sid="830928332503366" type="npc4Text">
                                    <param id="0" name="Text">&quot;My Lady! Talk to someone to complete the missions!&quot;</param>
                                </action>
                                <action id="-15" name="Set visible" sid="874867704870623" type="npc4Text">
                                    <param id="0" name="Visibility">1</param>
                                </action>
                                <action id="-16" name="Wait" sid="863478791079985" type="System">
                                    <param id="0" name="Seconds">2.5</param>
                                </action>
                                <action id="0" name="Set text" sid="799599140220145" type="npc4Text">
                                    <param id="0" name="Text">&quot;Go Away!&quot;</param>
                                </action>
                                <action id="-16" name="Wait" sid="513848856370909" type="System">
                                    <param id="0" name="Seconds">1.5</param>
                                </action>
                                <action id="-9" name="Destroy" sid="335301352631611" type="npc4Text" />
                            </actions>
                        </event-block>
                    </sub-events>
                </event-group>
                <event-block sid="796283532989361">
                    <conditions>
                        <condition id="1" name="Is overlapping another object" sid="478815157691575" type="bulletPlayer">
                            <param id="0" name="Object">monsterBullet</param>
                        </condition>
                    </conditions>
                    <actions>
                        <action id="-9" name="Destroy" sid="948846156130282" type="monsterBullet" />
                    </actions>
                </event-block>
                <event-group description="" sid="574514330536403" title="Input">
                    <sub-events>
                        <event-block any="1" sid="489008109590678">
                            <conditions>
                                <condition id="2" name="Key is down" sid="704317294876046" type="Keyboard">
                                    <param id="0" name="Key">87 (W)</param>
                                </condition>
                            </conditions>
                            <actions>
                                <action id="4" name="Set animation" sid="857047010827723" type="Player">
                                    <param id="0" name="Animation">&quot;WalkUp&quot;</param>
                                    <param id="1" name="From">1</param>
                                </action>
                                <action behavior="8Direction" id="7" name="Simulate control" sid="155287057041541" type="Player">
                                    <param id="0" name="Control">2</param>
                                </action>
                            </actions>
                        </event-block>
                        <event-block sid="289621579294743">
                            <conditions>
                                <condition id="2" name="Key is down" sid="344597306259027" type="Keyboard">
                                    <param id="0" name="Key">83 (S)</param>
                                </condition>
                            </conditions>
                            <actions>
                                <action id="4" name="Set animation" sid="548124620626994" type="Player">
                                    <param id="0" name="Animation">&quot;WalkDown&quot;</param>
                                    <param id="1" name="From">1</param>
                                </action>
                                <action behavior="8Direction" id="7" name="Simulate control" sid="972668908991248" type="Player">
                                    <param id="0" name="Control">3</param>
                                </action>
                            </actions>
                        </event-block>
                        <event-block sid="459283305594254">
                            <conditions>
                                <condition id="2" name="Key is down" sid="488125950159935" type="Keyboard">
                                    <param id="0" name="Key">65 (A)</param>
                                </condition>
                            </conditions>
                            <actions>
                                <action id="4" name="Set animation" sid="505688673742929" type="Player">
                                    <param id="0" name="Animation">&quot;WalkFoward&quot;</param>
                                    <param id="1" name="From">1</param>
                                </action>
                                <action id="7" name="Set mirrored" sid="187451384390717" type="Player">
                                    <param id="0" name="State">0</param>
                                </action>
                                <action behavior="8Direction" id="7" name="Simulate control" sid="305608661320745" type="Player">
                                    <param id="0" name="Control">0</param>
                                </action>
                            </actions>
                        </event-block>
                        <event-block sid="238240618211212">
                            <conditions>
                                <condition id="2" name="Key is down" sid="561181970006706" type="Keyboard">
                                    <param id="0" name="Key">68 (D)</param>
                                </condition>
                            </conditions>
                            <actions>
                                <action id="4" name="Set animation" sid="290046367183852" type="Player">
                                    <param id="0" name="Animation">&quot;WalkFoward&quot;</param>
                                    <param id="1" name="From">1</param>
                                </action>
                                <action id="7" name="Set mirrored" sid="232578431093520" type="Player">
                                    <param id="0" name="State">1</param>
                                </action>
                                <action behavior="8Direction" id="7" name="Simulate control" sid="648607394918990" type="Player">
                                    <param id="0" name="Control">1</param>
                                </action>
                            </actions>
                        </event-block>
                        <event-block any="1" sid="510658898930813">
                            <conditions>
                                <condition id="0" name="On key pressed" sid="286693043403420" type="Keyboard">
                                    <param id="0" name="Key">38 (Up arrow)</param>
                                </condition>
                            </conditions>
                            <actions>
                                <action id="4" name="Set animation" sid="856766687940478" type="Player">
                                    <param id="0" name="Animation">&quot;WalkUp&quot;</param>
                                    <param id="1" name="From">1</param>
                                </action>
                            </actions>
                        </event-block>
                        <event-block sid="232083620693058">
                            <conditions>
                                <condition id="0" name="On key pressed" sid="529451857874446" type="Keyboard">
                                    <param id="0" name="Key">40 (Down arrow)</param>
                                </condition>
                            </conditions>
                            <actions>
                                <action id="4" name="Set animation" sid="155192480886488" type="Player">
                                    <param id="0" name="Animation">&quot;WalkDown&quot;</param>
                                    <param id="1" name="From">1</param>
                                </action>
                            </actions>
                        </event-block>
                        <event-block sid="383935202923745">
                            <conditions>
                                <condition id="0" name="On key pressed" sid="592804391896133" type="Keyboard">
                                    <param id="0" name="Key">37 (Left arrow)</param>
                                </condition>
                            </conditions>
                            <actions>
                                <action id="4" name="Set animation" sid="250725498894477" type="Player">
                                    <param id="0" name="Animation">&quot;WalkFoward&quot;</param>
                                    <param id="1" name="From">1</param>
                                </action>
                                <action id="7" name="Set mirrored" sid="339881640717170" type="Player">
                                    <param id="0" name="State">0</param>
                                </action>
                            </actions>
                        </event-block>
                        <event-block sid="205381291565096">
                            <conditions>
                                <condition id="0" name="On key pressed" sid="606022259219737" type="Keyboard">
                                    <param id="0" name="Key">39 (Right arrow)</param>
                                </condition>
                            </conditions>
                            <actions>
                                <action id="4" name="Set animation" sid="462733179771546" type="Player">
                                    <param id="0" name="Animation">&quot;WalkFoward&quot;</param>
                                    <param id="1" name="From">1</param>
                                </action>
                                <action id="7" name="Set mirrored" sid="796602591370505" type="Player">
                                    <param id="0" name="State">1</param>
                                </action>
                            </actions>
                        </event-block>
                        <event-block sid="975133121385750">
                            <conditions>
                                <condition id="7" name="On any key released" sid="649432221092832" type="Keyboard" />
                            </conditions>
                            <actions>
                                <action id="4" name="Set animation" sid="132647308171148" type="Player">
                                    <param id="0" name="Animation">&quot;Idle&quot;</param>
                                    <param id="1" name="From">1</param>
                                </action>
                            </actions>
                        </event-block>
                    </sub-events>
                </event-group>
            </sub-events>
        </event-group>
        <event-group description="" sid="866822622538489" title="Monstro 1">
            <sub-events>
                <event-block sid="565966949562916">
                    <conditions>
                        <condition id="-14" name="Compare variable" sid="682724713116421" type="System">
                            <param id="0" name="Variable">LifeMonster1</param>
                            <param id="1" name="Comparison">2</param>
                            <param id="2" name="Value">0</param>
                        </condition>
                    </conditions>
                    <actions>
                        <action id="-9" name="Destroy" sid="821041965593398" type="Monster1" />
                        <action id="-9" name="Destroy" sid="324281467005965" type="npc1" />
                        <action id="-15" name="Set visible" sid="223277411691498" type="npc2">
                            <param id="0" name="Visibility">1</param>
                        </action>
                        <action id="11" name="Set collisions enabled" sid="218950071298115" type="npc2">
                            <param id="0" name="Collisions">1</param>
                        </action>
                        <action id="-15" name="Set visible" sid="294270435765106" type="npc4">
                            <param id="0" name="Visibility">0</param>
                        </action>
                        <action id="11" name="Set collisions enabled" sid="262307055657598" type="npc4">
                            <param id="0" name="Collisions">0</param>
                        </action>
                        <action id="-15" name="Set visible" sid="126554557111800" type="atention2">
                            <param id="0" name="Visibility">1</param>
                        </action>
                        <action id="4" name="Set animation" sid="153288114725682" type="monsterBullet">
                            <param id="0" name="Animation">&quot;m3&quot;</param>
                            <param id="1" name="From">1</param>
                        </action>
                    </actions>
                </event-block>
                <event-block sid="620119251165694">
                    <conditions>
                        <condition id="0" name="On collision with another object" sid="197857876721016" type="Player">
                            <param id="0" name="Object">npc1</param>
                        </condition>
                    </conditions>
                    <actions>
                        <action id="-15" name="Set visible" sid="591397111584514" type="npc1Text">
                            <param id="0" name="Visibility">1</param>
                        </action>
                        <action id="-16" name="Wait" sid="220270444727539" type="System">
                            <param id="0" name="Seconds">1.5</param>
                        </action>
                        <action id="0" name="Set text" sid="290626713061768" type="npc1Text">
                            <param id="0" name="Text">&quot;Press left button on your mouse to shoot&quot;</param>
                        </action>
                        <action id="-16" name="Wait" sid="541202609410495" type="System">
                            <param id="0" name="Seconds">4.0</param>
                        </action>
                        <action id="-9" name="Destroy" sid="555892956572498" type="npc1Text" />
                        <action id="-15" name="Set visible" sid="639484162663689" type="atention">
                            <param id="0" name="Visibility">0</param>
                        </action>
                        <action id="-4" name="Set position to another object" sid="501898460920753" type="Monster1">
                            <param id="0" name="Object">npc1monster</param>
                            <param id="1" name="Image point (optional)">0</param>
                        </action>
                    </actions>
                </event-block>
                <event-block sid="256703850084403">
                    <conditions>
                        <condition id="-6" name="Every X seconds" sid="171193171213608" type="System">
                            <param id="0" name="Interval (seconds)">1.0</param>
                        </condition>
                        <condition id="-3" name="Is on-screen" sid="113276981976366" type="Monster1" />
                    </conditions>
                    <actions>
                        <action id="4" name="Set animation" sid="681967842047145" type="monsterBullet">
                            <param id="0" name="Animation">&quot;m1&quot;</param>
                            <param id="1" name="From">1</param>
                        </action>
                        <action id="0" name="Spawn another object" sid="305750916040360" type="Monster1">
                            <param id="0" name="Object">monsterBullet</param>
                            <param id="1" name="Layer">9</param>
                            <param id="2" name="Image point">0</param>
                        </action>
                        <action id="-22" name="Set angle toward position" sid="321498188609722" type="monsterBullet">
                            <param id="0" name="X">Player.X</param>
                            <param id="1" name="Y">Player.Y</param>
                        </action>
                    </actions>
                </event-block>
                <event-block sid="682680738391981">
                    <conditions>
                        <condition id="0" name="On collision with another object" sid="930097397911506" type="monsterBullet">
                            <param id="0" name="Object">Player</param>
                        </condition>
                    </conditions>
                    <actions>
                        <action id="-11" name="Subtract from" sid="793549356797349" type="System">
                            <param id="0" name="Variable">LifePlayer</param>
                            <param id="1" name="Value">1</param>
                        </action>
                        <action id="-9" name="Destroy" sid="697346415084241" type="monsterBullet" />
                    </actions>
                </event-block>
                <event-block sid="860654823487464">
                    <conditions>
                        <condition id="0" name="On collision with another object" sid="520331482826347" type="bulletPlayer">
                            <param id="0" name="Object">Monster1</param>
                        </condition>
                    </conditions>
                    <actions>
                        <action id="-11" name="Subtract from" sid="718299163779777" type="System">
                            <param id="0" name="Variable">LifeMonster1</param>
                            <param id="1" name="Value">1</param>
                        </action>
                    </actions>
                </event-block>
            </sub-events>
        </event-group>
        <event-group description="" sid="168462934028241" title="Monstro 2">
            <sub-events>
                <event-block sid="279583791413871">
                    <conditions>
                        <condition id="-14" name="Compare variable" sid="230146234501360" type="System">
                            <param id="0" name="Variable">LifeMonster2</param>
                            <param id="1" name="Comparison">2</param>
                            <param id="2" name="Value">0</param>
                        </condition>
                    </conditions>
                    <actions>
                        <action id="-10" name="Add to" sid="329867840215460" type="System">
                            <param id="0" name="Variable">Monster2Total</param>
                            <param id="1" name="Value">1</param>
                        </action>
                        <action id="4" name="Set animation" sid="356221630167386" type="Monster2">
                            <param id="0" name="Animation">&quot;die&quot;</param>
                            <param id="1" name="From">1</param>
                        </action>
                        <action id="-16" name="Wait" sid="614599266950675" type="System">
                            <param id="0" name="Seconds">3.0</param>
                        </action>
                        <action id="-9" name="Destroy" sid="407764534098117" type="Monster2" />
                        <action id="6" name="Stop" sid="249562471391157" type="Audio">
                            <param id="0" name="Tag">&quot;GamePrincipal&quot;</param>
                        </action>
                        <action id="-15" name="Set visible" sid="608457576974109" type="atention2">
                            <param id="0" name="Visibility">0</param>
                        </action>
                        <action id="-9" name="Destroy" sid="872442044720812" type="atention2" />
                    </actions>
                </event-block>
                <event-block sid="136187610291680">
                    <conditions>
                        <condition id="-8" inverted="1" name="Is boolean instance variable set" sid="479125639244082" type="bossvideos">
                            <param id="0" name="Instance variable">HasPlayed</param>
                        </condition>
                        <condition id="-14" name="Compare variable" sid="513273122229564" type="System">
                            <param id="0" name="Variable">Monster2Total</param>
                            <param id="1" name="Comparison">5</param>
                            <param id="2" name="Value">5</param>
                        </condition>
                    </conditions>
                    <actions>
                        <action id="-16" name="Wait" sid="941567034091311" type="System">
                            <param id="0" name="Seconds">5.0</param>
                        </action>
                        <action id="0" name="Play" sid="777532448709944" type="Audio">
                            <param id="0" name="Audio file">1 Hour of Dark Fantasy Music (mp3cut.net)</param>
                            <param id="2" name="Loop">1</param>
                            <param id="3" name="Volume">0</param>
                            <param id="1" name="Tag (optional)">&quot;BossSong&quot;</param>
                        </action>
                        <action id="-13" name="Set boolean" sid="105738304043110" type="bossvideos">
                            <param id="0" name="Instance variable">HasPlayed</param>
                            <param id="1" name="Value">1</param>
                        </action>
                        <action behavior="ScrollTo" id="1" name="Set enabled" sid="928015667869153" type="Player">
                            <param id="0" name="State">0</param>
                        </action>
                        <action behavior="ScrollTo" id="1" name="Set enabled" sid="579145374694920" type="bossvideos">
                            <param id="0" name="State">1</param>
                        </action>
                        <action id="-15" name="Set visible" sid="227517218174985" type="bossvideos">
                            <param id="0" name="Visibility">1</param>
                        </action>
                        <action id="6" name="Play" sid="817498936398620" type="bossvideos" />
                        <action id="-15" name="Set visible" sid="442423862431677" type="Player">
                            <param id="0" name="Visibility">0</param>
                        </action>
                        <action id="-15" name="Set visible" sid="625908867866274" type="npc1">
                            <param id="0" name="Visibility">0</param>
                        </action>
                        <action id="-15" name="Set visible" sid="987946016032350" type="npc3">
                            <param id="0" name="Visibility">0</param>
                        </action>
                        <action id="-15" name="Set visible" sid="305028594089620" type="npc4">
                            <param id="0" name="Visibility">0</param>
                        </action>
                        <action id="-15" name="Set visible" sid="363205675330884" type="npc2">
                            <param id="0" name="Visibility">0</param>
                        </action>
                        <action id="-15" name="Set visible" sid="678008289975764" type="Sprite5">
                            <param id="0" name="Visibility">0</param>
                        </action>
                        <action id="-15" name="Set visible" sid="476953096768106" type="Text">
                            <param id="0" name="Visibility">0</param>
                        </action>
                    </actions>
                </event-block>
                <event-block sid="558317619524139">
                    <conditions>
                        <condition id="2" name="Has ended" sid="685429787796192" type="bossvideos" />
                    </conditions>
                    <actions>
                        <action id="6" name="Stop" sid="219203770017434" type="Audio">
                            <param id="0" name="Tag">&quot;BossSong&quot;</param>
                        </action>
                        <action id="0" name="Play" sid="979993451066382" type="Audio">
                            <param id="0" name="Audio file">The Best Fantasy RPG Music 2</param>
                            <param id="2" name="Loop">1</param>
                            <param id="3" name="Volume">0</param>
                            <param id="1" name="Tag (optional)">&quot;GamePrincipal&quot;</param>
                        </action>
                        <action id="-9" name="Destroy" sid="475730788022557" type="bossvideos" />
                        <action behavior="ScrollTo" id="1" name="Set enabled" sid="271436386696163" type="Player">
                            <param id="0" name="State">1</param>
                        </action>
                        <action id="-15" name="Set visible" sid="465042993143785" type="Player">
                            <param id="0" name="Visibility">1</param>
                        </action>
                        <action id="-15" name="Set visible" sid="644069185591067" type="npc1">
                            <param id="0" name="Visibility">1</param>
                        </action>
                        <action id="-15" name="Set visible" sid="951724476194573" type="npc3">
                            <param id="0" name="Visibility">1</param>
                        </action>
                        <action id="-15" name="Set visible" sid="779709361054675" type="npc4">
                            <param id="0" name="Visibility">1</param>
                        </action>
                        <action id="-15" name="Set visible" sid="476672814919169" type="Sprite5">
                            <param id="0" name="Visibility">1</param>
                        </action>
                        <action id="-15" name="Set visible" sid="451260459507629" type="Text">
                            <param id="0" name="Visibility">1</param>
                        </action>
                        <action id="-16" name="Wait" sid="479739164275655" type="System">
                            <param id="0" name="Seconds">3.0</param>
                        </action>
                        <action id="-3" name="Set position" sid="240636631301972" type="Monster3">
                            <param id="0" name="X">npc3monster.X</param>
                            <param id="1" name="Y">npc3monster.y</param>
                        </action>
                        <action id="11" name="Set collisions enabled" sid="719458601751033" type="npc2">
                            <param id="0" name="Collisions">1</param>
                        </action>
                    </actions>
                </event-block>
                <event-block sid="502822759453238">
                    <conditions>
                        <condition id="0" name="On collision with another object" sid="704744434520617" type="Player">
                            <param id="0" name="Object">npc2</param>
                        </condition>
                    </conditions>
                    <actions>
                        <action id="0" name="Set text" sid="393591402127813" type="npc2Text">
                            <param id="0" name="Text">&quot;There are some wild trees on the way to the forest&quot;</param>
                        </action>
                        <action id="-15" name="Set visible" sid="217828100130059" type="npc2Text">
                            <param id="0" name="Visibility">1</param>
                        </action>
                        <action id="-16" name="Wait" sid="178820498982029" type="System">
                            <param id="0" name="Seconds">4.0</param>
                        </action>
                        <action id="0" name="Set text" sid="167640953366217" type="npc2Text">
                            <param id="0" name="Text">&quot;Help us! Do not let them invade our vile&#x0D;&#x0A;away&quot;</param>
                        </action>
                        <action id="-15" name="Set visible" sid="817121761537876" type="atention2">
                            <param id="0" name="Visibility">0</param>
                        </action>
                        <action id="-16" name="Wait" sid="723676698785947" type="System">
                            <param id="0" name="Seconds">4.0</param>
                        </action>
                        <action id="-9" name="Destroy" sid="270238215138392" type="npc2Text" />
                        <action id="0" name="Spawn another object" sid="489234239326818" type="npc2monster">
                            <param id="0" name="Object">Monster2</param>
                            <param id="1" name="Layer">10</param>
                            <param id="2" name="Image point">0</param>
                        </action>
                        <action id="-9" name="Destroy" sid="211012152567101" type="npc2monster" />
                    </actions>
                </event-block>
                <event-block sid="328482643334413">
                    <conditions>
                        <condition id="-6" name="Every X seconds" sid="734246829094027" type="System">
                            <param id="0" name="Interval (seconds)">1.0</param>
                        </condition>
                        <condition id="-3" name="Is on-screen" sid="855881026773660" type="Monster2" />
                    </conditions>
                    <actions>
                        <action behavior="Pathfinding" id="0" name="Find path" sid="720745827114799" type="Monster2">
                            <param id="0" name="X">Player.x</param>
                            <param id="1" name="Y">Player.y</param>
                        </action>
                        <action behavior="Pathfinding" id="1" name="Move along path" sid="307134106152382" type="Monster2" />
                    </actions>
                </event-block>
                <event-block sid="983853709869293">
                    <conditions>
                        <condition id="0" name="On collision with another object" sid="848813592884175" type="Monster2">
                            <param id="0" name="Object">Player</param>
                        </condition>
                    </conditions>
                    <actions>
                        <action id="-11" name="Subtract from" sid="807135992896182" type="System">
                            <param id="0" name="Variable">LifePlayer</param>
                            <param id="1" name="Value">1</param>
                        </action>
                    </actions>
                </event-block>
                <event-block sid="562404596401319">
                    <conditions>
                        <condition id="0" name="On collision with another object" sid="902347551750425" type="bulletPlayer">
                            <param id="0" name="Object">Monster2</param>
                        </condition>
                    </conditions>
                    <actions>
                        <action id="-11" name="Subtract from" sid="122118005807250" type="System">
                            <param id="0" name="Variable">LifeMonster2</param>
                            <param id="1" name="Value">2</param>
                        </action>
                    </actions>
                </event-block>
            </sub-events>
        </event-group>
        <event-group description="" sid="181455324308911" title="Monstro 3">
            <sub-events>
                <event-block sid="147500406326536">
                    <conditions>
                        <condition id="-14" name="Compare variable" sid="873690060545322" type="System">
                            <param id="0" name="Variable">LifeMonster3</param>
                            <param id="1" name="Comparison">2</param>
                            <param id="2" name="Value">0</param>
                        </condition>
                    </conditions>
                    <actions>
                        <action id="-9" name="Destroy" sid="680763302995473" type="Monster3" />
                        <action id="-9" name="Destroy" sid="838942988494539" type="npc3" />
                        <action id="-15" name="Set visible" sid="941979187694840" type="atention3">
                            <param id="0" name="Visibility">1</param>
                        </action>
                    </actions>
                </event-block>
                <event-block disabled="1" sid="848426779106696">
                    <conditions>
                        <condition id="0" name="On collision with another object" sid="780575765124173" type="Player">
                            <param id="0" name="Object">npc3</param>
                        </condition>
                    </conditions>
                    <actions>
                        <action id="0" name="Set text" sid="427390681823195" type="npc3Text">
                            <param id="0" name="Text">&quot;Compra a DLC miseravel&quot;</param>
                        </action>
                        <action id="-15" name="Set visible" sid="697991215533511" type="npc3Text">
                            <param id="0" name="Visibility">1</param>
                        </action>
                        <action id="-16" name="Wait" sid="815788300654339" type="System">
                            <param id="0" name="Seconds">2</param>
                        </action>
                        <action id="-15" name="Set visible" sid="111570931679210" type="npc3Text">
                            <param id="0" name="Visibility">0</param>
                        </action>
                    </actions>
                </event-block>
                <event-block sid="162112911256253">
                    <conditions>
                        <condition id="0" name="On collision with another object" sid="817545827900786" type="Player">
                            <param id="0" name="Object">npc4</param>
                        </condition>
                    </conditions>
                    <actions>
                        <action id="0" name="Set text" sid="941909948765999" type="npc3Text">
                            <param id="0" name="Text">&quot;Nothing to do here!&quot;</param>
                        </action>
                        <action id="-15" name="Set visible" sid="177915156871033" type="npc3Text">
                            <param id="0" name="Visibility">1</param>
                        </action>
                        <action id="-16" name="Wait" sid="292072969709259" type="System">
                            <param id="0" name="Seconds">2</param>
                        </action>
                        <action id="-15" name="Set visible" sid="267903435012954" type="npc3Text">
                            <param id="0" name="Visibility">0</param>
                        </action>
                    </actions>
                </event-block>
                <event-block sid="521957223677798">
                    <conditions>
                        <condition id="-6" name="Every X seconds" sid="379323866389405" type="System">
                            <param id="0" name="Interval (seconds)">2</param>
                        </condition>
                        <condition id="-3" name="Is on-screen" sid="162939319131086" type="Monster3" />
                    </conditions>
                    <actions>
                        <action id="4" name="Set animation" sid="121408546711771" type="monsterBullet">
                            <param id="0" name="Animation">&quot;m3&quot;</param>
                            <param id="1" name="From">1</param>
                        </action>
                        <action id="0" name="Spawn another object" sid="891013833403019" type="Monster3">
                            <param id="0" name="Object">monsterBullet</param>
                            <param id="1" name="Layer">10</param>
                            <param id="2" name="Image point">0</param>
                        </action>
                        <action id="-22" name="Set angle toward position" sid="846541342361514" type="monsterBullet">
                            <param id="0" name="X">Player.X</param>
                            <param id="1" name="Y">Player.Y</param>
                        </action>
                        <action behavior="Pathfinding" id="0" name="Find path" sid="449623924439804" type="Monster3">
                            <param id="0" name="X">Player.x</param>
                            <param id="1" name="Y">Player.y</param>
                        </action>
                        <action behavior="Pathfinding" id="1" name="Move along path" sid="842555965326069" type="Monster3" />
                    </actions>
                </event-block>
                <event-block sid="978368165979684">
                    <conditions>
                        <condition id="0" name="On collision with another object" sid="233422929797187" type="monsterBullet">
                            <param id="0" name="Object">Player</param>
                        </condition>
                    </conditions>
                    <actions>
                        <action id="-11" name="Subtract from" sid="820796320366678" type="System">
                            <param id="0" name="Variable">LifePlayer</param>
                            <param id="1" name="Value">1</param>
                        </action>
                    </actions>
                </event-block>
                <event-block sid="938331618951861">
                    <conditions>
                        <condition id="0" name="On collision with another object" sid="473377022097236" type="bulletPlayer">
                            <param id="0" name="Object">Monster3</param>
                        </condition>
                    </conditions>
                    <actions>
                        <action id="-11" name="Subtract from" sid="430288364941230" type="System">
                            <param id="0" name="Variable">LifeMonster3</param>
                            <param id="1" name="Value">1</param>
                        </action>
                    </actions>
                </event-block>
                <event-block sid="969462403331964">
                    <conditions>
                        <condition id="-14" name="Compare variable" sid="561527231325544" type="System">
                            <param id="0" name="Variable">LifeMonster3</param>
                            <param id="1" name="Comparison">3</param>
                            <param id="2" name="Value">0</param>
                        </condition>
                    </conditions>
                    <actions>
                        <action id="-15" name="Set visible" sid="931844086071785" type="npc4">
                            <param id="0" name="Visibility">1</param>
                        </action>
                        <action id="11" name="Set collisions enabled" sid="606993113394375" type="npc4">
                            <param id="0" name="Collisions">1</param>
                        </action>
                        <action id="-9" name="Destroy" sid="794885262253273" type="npc2" />
                        <action id="-9" name="Destroy" sid="800918410661602" type="npc3" />
                    </actions>
                </event-block>
                <event-block sid="914482285224437">
                    <conditions>
                        <condition id="0" name="On collision with another object" sid="565790421408367" type="Player">
                            <param id="0" name="Object">npc4</param>
                        </condition>
                        <condition id="-14" name="Compare variable" sid="658762174703919" type="System">
                            <param id="0" name="Variable">LifeMonster3</param>
                            <param id="1" name="Comparison">3</param>
                            <param id="2" name="Value">0</param>
                        </condition>
                    </conditions>
                    <actions>
                        <action id="-9" name="Destroy" sid="874327271524638" type="npc1" />
                        <action id="0" name="Set text" sid="774520747731239" type="npc4Text">
                            <param id="0" name="Text">&quot;Congratulations My Lady!&quot;</param>
                        </action>
                        <action id="-15" name="Set visible" sid="717930185793148" type="npc4Text">
                            <param id="0" name="Visibility">1</param>
                        </action>
                        <action id="-16" name="Wait" sid="255602331904678" type="System">
                            <param id="0" name="Seconds">3.0</param>
                        </action>
                        <action id="-2" name="Go to layout" sid="196059943302584" type="System">
                            <param id="0" name="Layout">Win</param>
                        </action>
                    </actions>
                </event-block>
                <event-block sid="568400108793472">
                    <conditions>
                        <condition id="-1" name="Compare X" sid="775828713954394" type="Monster3">
                            <param id="0" name="Comparison">5</param>
                            <param id="1" name="X co-ordinate">Player.X</param>
                        </condition>
                    </conditions>
                    <actions>
                        <action id="7" name="Set mirrored" sid="557449646309341" type="Monster3">
                            <param id="0" name="State">1</param>
                        </action>
                    </actions>
                </event-block>
                <event-block sid="868561741003570">
                    <conditions>
                        <condition id="-1" name="Compare X" sid="768370821659925" type="Monster3">
                            <param id="0" name="Comparison">3</param>
                            <param id="1" name="X co-ordinate">Player.X</param>
                        </condition>
                    </conditions>
                    <actions>
                        <action id="7" name="Set mirrored" sid="385363782229557" type="Monster3">
                            <param id="0" name="State">0</param>
                        </action>
                    </actions>
                </event-block>
            </sub-events>
        </event-group>
        <event-group description="" sid="789042041360661" title="Music">
            <sub-events>
                <event-block sid="969781313853231">
                    <conditions>
                        <condition id="10" name="Is fullscreen" sid="345690742232314" type="Browser" />
                    </conditions>
                    <actions>
                        <action id="0" name="Set cursor style" sid="521806538329554" type="Mouse">
                            <param id="0" name="Cursor style">0</param>
                        </action>
                    </actions>
                </event-block>
                <event-block sid="171573168939183">
                    <conditions>
                        <condition id="-2" name="On start of layout" sid="801025118226896" type="System" />
                    </conditions>
                    <actions>
                        <action id="0" name="Play" sid="356300352022223" type="Audio">
                            <param id="0" name="Audio file">The Best Fantasy RPG Music 2</param>
                            <param id="2" name="Loop">1</param>
                            <param id="3" name="Volume">0</param>
                            <param id="1" name="Tag (optional)">&quot;GamePrincipal&quot;</param>
                        </action>
                    </actions>
                </event-block>
            </sub-events>
        </event-group>
    </events>
</c2eventsheet>
