﻿<?xml version="1.0" encoding="utf-8" ?>
<c2eventsheet>
    <!--All the 'name' attributes are ignored by Construct 2 - they are there for readability only.-->
    <name>Manual ES</name>
    <events>
        <event-block sid="222980124118691">
            <conditions>
                <condition id="0" name="On key pressed" sid="602943740571598" type="Keyboard">
                    <param id="0" name="Key">32 (Space)</param>
                </condition>
            </conditions>
            <actions>
                <action id="-2" name="Go to layout" sid="999869514913758" type="System">
                    <param id="0" name="Layout">game1</param>
                </action>
                <action id="6" name="Stop" sid="471798651433536" type="Audio">
                    <param id="0" name="Tag">&quot;Menu&quot;</param>
                </action>
            </actions>
        </event-block>
    </events>
</c2eventsheet>
