﻿<?xml version="1.0" encoding="utf-8" ?>
<c2eventsheet>
    <!--All the 'name' attributes are ignored by Construct 2 - they are there for readability only.-->
    <name>Menu ES</name>
    <events>
        <event-group description="" sid="560857177880494" title="Mouse">
            <sub-events>
                <event-block sid="449965650883486">
                    <conditions>
                        <condition id="-1" name="Every tick" sid="260868425207255" type="System" />
                    </conditions>
                    <actions>
                        <action id="-3" name="Set position" sid="479901982470051" type="bt9">
                            <param id="0" name="X">Mouse.X</param>
                            <param id="1" name="Y">Mouse.Y</param>
                        </action>
                        <action id="0" name="Set cursor style" sid="570522423204624" type="Mouse">
                            <param id="0" name="Cursor style">7</param>
                        </action>
                    </actions>
                </event-block>
                <event-block sid="961556604143272">
                    <conditions>
                        <condition id="1" name="Is overlapping another object" sid="357363857814237" type="bt9">
                            <param id="0" name="Object">bt2</param>
                        </condition>
                    </conditions>
                    <actions>
                        <action id="4" name="Set animation" sid="940560327683931" type="bt2">
                            <param id="0" name="Animation">&quot;mouse&quot;</param>
                            <param id="1" name="From">1</param>
                        </action>
                    </actions>
                </event-block>
                <event-block sid="547735343326182">
                    <conditions>
                        <condition id="1" inverted="1" name="Is overlapping another object" sid="294661782443858" type="bt9">
                            <param id="0" name="Object">bt2</param>
                        </condition>
                    </conditions>
                    <actions>
                        <action id="4" name="Set animation" sid="667313075708648" type="bt2">
                            <param id="0" name="Animation">&quot;Idle&quot;</param>
                            <param id="1" name="From">1</param>
                        </action>
                    </actions>
                </event-block>
                <event-block sid="222333683974947">
                    <conditions>
                        <condition id="1" name="Is overlapping another object" sid="976015653958582" type="bt9">
                            <param id="0" name="Object">bt4</param>
                        </condition>
                    </conditions>
                    <actions>
                        <action id="4" name="Set animation" sid="531288852598995" type="bt4">
                            <param id="0" name="Animation">&quot;Mouse&quot;</param>
                            <param id="1" name="From">1</param>
                        </action>
                    </actions>
                </event-block>
                <event-block sid="744163728941238">
                    <conditions>
                        <condition id="1" inverted="1" name="Is overlapping another object" sid="995241388583625" type="bt9">
                            <param id="0" name="Object">bt4</param>
                        </condition>
                    </conditions>
                    <actions>
                        <action id="4" name="Set animation" sid="898063192256386" type="bt4">
                            <param id="0" name="Animation">&quot;Idle&quot;</param>
                            <param id="1" name="From">1</param>
                        </action>
                    </actions>
                </event-block>
                <event-block sid="963789283916736">
                    <conditions>
                        <condition id="1" name="Is overlapping another object" sid="210878632857435" type="bt9">
                            <param id="0" name="Object">bt5</param>
                        </condition>
                    </conditions>
                    <actions>
                        <action id="4" name="Set animation" sid="971527450908303" type="bt5">
                            <param id="0" name="Animation">&quot;mouse&quot;</param>
                            <param id="1" name="From">1</param>
                        </action>
                    </actions>
                </event-block>
                <event-block sid="819535699301501">
                    <conditions>
                        <condition id="1" inverted="1" name="Is overlapping another object" sid="977349883254447" type="bt9">
                            <param id="0" name="Object">bt5</param>
                        </condition>
                    </conditions>
                    <actions>
                        <action id="4" name="Set animation" sid="957791627005882" type="bt5">
                            <param id="0" name="Animation">&quot;Idle&quot;</param>
                            <param id="1" name="From">1</param>
                        </action>
                    </actions>
                </event-block>
                <event-block sid="103762555646353">
                    <conditions>
                        <condition id="1" name="Is overlapping another object" sid="324035882458319" type="bt9">
                            <param id="0" name="Object">bt3</param>
                        </condition>
                    </conditions>
                    <actions>
                        <action id="4" name="Set animation" sid="701628980080125" type="bt3">
                            <param id="0" name="Animation">&quot;MenuMouse&quot;</param>
                            <param id="1" name="From">1</param>
                        </action>
                    </actions>
                </event-block>
                <event-block sid="224622497338005">
                    <conditions>
                        <condition id="1" inverted="1" name="Is overlapping another object" sid="272138866908922" type="bt9">
                            <param id="0" name="Object">bt3</param>
                        </condition>
                    </conditions>
                    <actions>
                        <action id="4" name="Set animation" sid="262152398201669" type="bt3">
                            <param id="0" name="Animation">&quot;Idle&quot;</param>
                            <param id="1" name="From">1</param>
                        </action>
                    </actions>
                </event-block>
                <event-block sid="805276254197734">
                    <conditions>
                        <condition id="1" name="Is overlapping another object" sid="894022063924767" type="bt9">
                            <param id="0" name="Object">bt6</param>
                        </condition>
                    </conditions>
                    <actions>
                        <action id="4" name="Set animation" sid="168990699639947" type="bt6">
                            <param id="0" name="Animation">&quot;yesMouse&quot;</param>
                            <param id="1" name="From">1</param>
                        </action>
                    </actions>
                </event-block>
                <event-block sid="523668168912315">
                    <conditions>
                        <condition id="1" inverted="1" name="Is overlapping another object" sid="706626347823225" type="bt9">
                            <param id="0" name="Object">bt6</param>
                        </condition>
                    </conditions>
                    <actions>
                        <action id="4" name="Set animation" sid="120784746894549" type="bt6">
                            <param id="0" name="Animation">&quot;Idle&quot;</param>
                            <param id="1" name="From">1</param>
                        </action>
                    </actions>
                </event-block>
                <event-block sid="571497363972060">
                    <conditions>
                        <condition id="1" name="Is overlapping another object" sid="745021637293293" type="bt9">
                            <param id="0" name="Object">bt7</param>
                        </condition>
                    </conditions>
                    <actions>
                        <action id="4" name="Set animation" sid="281843805748157" type="bt7">
                            <param id="0" name="Animation">&quot;NoMouse&quot;</param>
                            <param id="1" name="From">1</param>
                        </action>
                    </actions>
                </event-block>
                <event-block sid="614991248047876">
                    <conditions>
                        <condition id="1" inverted="1" name="Is overlapping another object" sid="937860933510314" type="bt9">
                            <param id="0" name="Object">bt7</param>
                        </condition>
                    </conditions>
                    <actions>
                        <action id="4" name="Set animation" sid="270821015886904" type="bt7">
                            <param id="0" name="Animation">&quot;Idle&quot;</param>
                            <param id="1" name="From">1</param>
                        </action>
                    </actions>
                </event-block>
            </sub-events>
        </event-group>
        <event-group description="" sid="393058367826818" title="Buttons">
            <sub-events>
                <event-block sid="582427895625859">
                    <conditions>
                        <condition id="6" name="On object clicked" sid="264332055770974" type="Mouse">
                            <param id="0" name="Mouse button">0</param>
                            <param id="1" name="Click type">0</param>
                            <param id="2" name="Object clicked">bt5</param>
                        </condition>
                    </conditions>
                    <actions>
                        <action id="-2" name="Go to layout" sid="263345405055329" type="System">
                            <param id="0" name="Layout">Manual</param>
                        </action>
                        <action id="10" name="Request fullscreen" sid="740628705401695" type="Browser">
                            <param id="0" name="Mode">0</param>
                        </action>
                        <action id="-21" name="Reset global variables" sid="740096233495333" type="System" />
                    </actions>
                </event-block>
                <event-block sid="715098079119096">
                    <conditions>
                        <condition id="6" name="On object clicked" sid="822039517200902" type="Mouse">
                            <param id="0" name="Mouse button">0</param>
                            <param id="1" name="Click type">0</param>
                            <param id="2" name="Object clicked">bt4</param>
                        </condition>
                    </conditions>
                    <actions>
                        <action id="-2" name="Go to layout" sid="978724681261743" type="System">
                            <param id="0" name="Layout">Creditos</param>
                        </action>
                        <action id="10" name="Request fullscreen" sid="801072009394467" type="Browser">
                            <param id="0" name="Mode">0</param>
                        </action>
                    </actions>
                </event-block>
                <event-block sid="399066932520830">
                    <conditions>
                        <condition id="6" name="On object clicked" sid="328148342403735" type="Mouse">
                            <param id="0" name="Mouse button">0</param>
                            <param id="1" name="Click type">0</param>
                            <param id="2" name="Object clicked">bt3</param>
                        </condition>
                    </conditions>
                    <actions>
                        <action id="-2" name="Go to layout" sid="481958614268062" type="System">
                            <param id="0" name="Layout">Menu</param>
                        </action>
                    </actions>
                </event-block>
                <event-block sid="816247969189053">
                    <conditions>
                        <condition id="6" name="On object clicked" sid="767671113290854" type="Mouse">
                            <param id="0" name="Mouse button">0</param>
                            <param id="1" name="Click type">0</param>
                            <param id="2" name="Object clicked">bt2</param>
                        </condition>
                    </conditions>
                    <actions>
                        <action id="11" name="Cancel fullscreen" sid="467006682576550" type="Browser" />
                        <action id="-16" name="Wait" sid="927352969468563" type="System">
                            <param id="0" name="Seconds">1.0</param>
                        </action>
                    </actions>
                </event-block>
                <event-block sid="116096263823463">
                    <conditions>
                        <condition id="6" name="On object clicked" sid="634709037989937" type="Mouse">
                            <param id="0" name="Mouse button">0</param>
                            <param id="1" name="Click type">0</param>
                            <param id="2" name="Object clicked">bt6</param>
                        </condition>
                    </conditions>
                    <actions>
                        <action id="-2" name="Go to layout" sid="287069191558415" type="System">
                            <param id="0" name="Layout">Menu</param>
                        </action>
                    </actions>
                </event-block>
                <event-block sid="258426682033184">
                    <conditions>
                        <condition id="6" name="On object clicked" sid="807596879116834" type="Mouse">
                            <param id="0" name="Mouse button">0</param>
                            <param id="1" name="Click type">0</param>
                            <param id="2" name="Object clicked">bt7</param>
                        </condition>
                    </conditions>
                    <actions>
                        <action id="-2" name="Go to layout" sid="620804267211162" type="System">
                            <param id="0" name="Layout">game1</param>
                        </action>
                    </actions>
                </event-block>
            </sub-events>
        </event-group>
        <event-block sid="261766731548902">
            <conditions>
                <condition id="-2" name="On start of layout" sid="124731792311542" type="System" />
            </conditions>
            <actions>
                <action id="0" name="Play" sid="785016283505476" type="Audio">
                    <param id="0" name="Audio file">The Best Fantasy RPG Music (mp3cut.net)</param>
                    <param id="2" name="Loop">1</param>
                    <param id="3" name="Volume">0</param>
                    <param id="1" name="Tag (optional)">&quot;Menu&quot;</param>
                </action>
                <action id="6" name="Stop" sid="773646360268441" type="Audio">
                    <param id="0" name="Tag">&quot;GamePrincipal&quot;</param>
                </action>
            </actions>
        </event-block>
    </events>
</c2eventsheet>
